TicketID,CustomerID,UserID,TechnicianID,ServiceID,TicketType,DateOpened,DateClosed,Priority,Status,SatisfactionRating
1,101,2005,1,1,Incident,"2024-10-15 08:30:00","2024-10-16 10:00:00",High,Closed,5
2,102,2033,2,2,Service Request,"2024-10-15 09:00:00","2024-10-17 14:30:00",Medium,Closed,4
3,103,2060,3,3,Incident,"2024-10-16 10:00:00","2024-10-18 11:00:00",Low,Closed,4
4,101,2018,4,1,Incident,"2024-10-17 11:30:00","2024-10-18 09:00:00",High,Closed,5
5,104,2085,5,4,Incident,"2024-10-18 14:00:00","2024-10-20 15:30:00",Medium,Closed,3
6,105,2105,6,2,Service Request,"2024-10-19 10:00:00","2024-10-21 11:00:00",Medium,Closed,3
7,102,2042,7,5,Service Request,"2024-10-20 15:00:00","2024-10-21 16:00:00",High,Closed,5
8,106,2125,8,1,Incident,"2024-10-21 09:30:00","2024-10-22 16:00:00",Low,Closed,5
9,107,2155,1,3,Incident,"2024-10-22 11:00:00","2024-10-24 10:00:00",Medium,Closed,4
10,103,2078,2,2,Service Request,"2024-10-23 16:30:00","2024-10-25 10:00:00",High,Closed,2
11,101,2001,3,5,Service Request,"2024-11-01 09:05:00","2024-11-01 15:20:00",Medium,Closed,5
12,105,2112,4,1,Incident,"2024-11-02 11:23:00","2024-11-02 11:55:00",High,Closed,5
13,107,2165,5,3,Incident,"2024-11-03 14:00:00","2024-11-05 10:00:00",Medium,Resolved,
14,102,2031,6,4,Incident,"2024-11-04 16:01:00",,Low,Pending,
15,104,2091,7,2,Service Request,"2024-11-05 09:30:00","2024-11-06 17:00:00",Medium,Closed,4
16,106,2133,8,5,Service Request,"2024-11-06 10:10:00","2024-11-06 11:30:00",Low,Closed,5
17,103,2058,1,1,Incident,"2024-11-07 13:45:00",,High,In Progress,
18,101,2025,2,2,Service Request,"2024-11-08 15:00:00","2024-11-10 12:00:00",Medium,Closed,3
19,105,2108,3,3,Incident,"2024-11-09 11:00:00",,Medium,Open,
20,107,2178,4,4,Incident,"2024-11-10 09:00:00","2024-11-10 18:30:00",Low,Closed,5
21,102,2050,5,5,Service Request,"2024-11-11 12:12:00","2024-11-12 14:00:00",Medium,Closed,2
22,104,2088,6,1,Incident,"2024-11-12 10:00:00","2024-11-12 10:30:00",High,Closed,5
23,106,2140,7,2,Service Request,"2024-11-13 14:20:00","2024-11-15 11:00:00",Low,Resolved,
24,103,2068,8,3,Incident,"2024-11-14 16:50:00",,Medium,In Progress,
25,101,2011,1,4,Incident,"2024-11-15 09:18:00","2024-11-15 17:00:00",Medium,Closed,4
26,105,2118,2,5,Service Request,"2024-11-16 11:30:00","2024-11-17 10:00:00",Low,Closed,5
27,107,2160,3,1,Incident,"2024-11-17 13:00:00",,High,Open,
28,102,2038,4,2,Service Request,"2024-11-18 15:25:00","2024-11-20 16:00:00",Medium,Closed,3
29,104,2098,5,3,Incident,"2024-11-19 10:40:00",,Medium,Pending,
30,106,2148,6,4,Incident,"2024-11-20 09:00:00","2024-11-20 11:00:00",Low,Closed,5
31,101,2002,7,5,Service Request,"2024-12-01 10:15:00","2024-12-02 11:00:00",Medium,Closed,4
32,103,2062,8,1,Incident,"2024-12-02 11:00:00","2024-12-02 11:25:00",High,Closed,5
33,105,2115,1,2,Service Request,"2024-12-03 14:00:00","2024-12-05 13:00:00",Low,Closed,4
34,107,2170,2,3,Incident,"2024-12-04 16:30:00",,Medium,In Progress,
35,102,2045,3,4,Incident,"2024-12-05 09:00:00","2024-12-05 17:45:00",Medium,Closed,3
36,104,2083,4,5,Service Request,"2024-12-06 10:45:00","2024-12-07 14:00:00",Low,Closed,5
37,106,2123,5,1,Incident,"2024-12-07 13:00:00",,High,Pending,
38,101,2015,6,2,Service Request,"2024-12-08 15:00:00","2024-12-10 11:00:00",Medium,Resolved,
39,103,2073,7,3,Incident,"2024-12-09 11:30:00",,Medium,Open,
40,105,2120,8,4,Incident,"2024-12-10 09:00:00","2024-12-10 12:00:00",Low,Closed,5
41,107,2180,1,5,Service Request,"2024-12-11 12:30:00","2024-12-12 15:00:00",Medium,Closed,4
42,102,2055,2,1,Incident,"2024-12-12 10:00:00","2024-12-12 10:15:00",High,Closed,5
43,104,2100,3,2,Service Request,"2024-12-13 14:00:00","2024-12-15 10:00:00",Low,Closed,3
44,106,2150,4,3,Incident,"2024-12-14 16:00:00",,Medium,In Progress,
45,101,2008,5,4,Incident,"2024-12-15 09:30:00","2024-12-15 18:00:00",Medium,Closed,2
46,103,2080,6,5,Service Request,"2024-12-16 11:00:00","2024-12-17 12:00:00",Low,Closed,5
47,105,2103,7,1,Incident,"2024-12-17 13:30:00",,High,Open,
48,107,2163,8,2,Service Request,"2024-12-18 15:00:00","2024-12-20 14:00:00",Medium,Closed,4
49,102,2035,1,3,Incident,"2024-12-19 10:00:00",,Medium,Pending,
50,104,2093,2,4,Incident,"2024-12-20 09:00:00","2024-12-20 13:00:00",Low,Closed,5
51,101,2022,3,2,Service Request,"2024-12-21 09:45:00","2024-12-22 11:30:00",Low,Closed,5
52,106,2130,4,1,Incident,"2024-12-22 11:00:00","2024-12-22 11:20:00",High,Closed,5
53,102,2048,5,3,Incident,"2024-12-23 13:00:00","2024-12-24 10:00:00",Medium,Resolved,
54,107,2173,6,5,Service Request,"2024-12-24 15:00:00",,Low,Open,
55,103,2070,7,4,Incident,"2024-12-25 09:00:00",,High,In Progress,
56,105,2110,8,2,Service Request,"2024-12-26 10:30:00","2024-12-27 16:00:00",Medium,Closed,3
57,101,2010,1,1,Incident,"2024-12-27 12:00:00","2024-12-27 12:10:00",High,Closed,5
58,106,2138,2,5,Service Request,"2024-12-28 14:00:00","2024-12-29 11:00:00",Medium,Closed,4
59,102,2053,3,3,Incident,"2024-12-29 16:00:00",,Medium,Pending,
60,107,2168,4,4,Incident,"2024-12-30 09:00:00","2024-12-30 17:00:00",Low,Closed,5
61,103,2057,5,2,Service Request,"2025-01-02 09:15:00","2025-01-03 14:00:00",Medium,Closed,4
62,105,2113,6,1,Incident,"2025-01-03 11:30:00","2025-01-03 11:45:00",High,Closed,5
63,101,2028,7,3,Incident,"2025-01-04 14:00:00",,Medium,In Progress,
64,106,2143,8,5,Service Request,"2025-01-05 16:30:00","2025-01-06 12:00:00",Low,Closed,5
65,102,2040,1,4,Incident,"2025-01-06 09:00:00","2025-01-06 18:00:00",Medium,Resolved,
66,107,2153,2,2,Service Request,"2025-01-07 10:45:00","2025-01-08 15:00:00",Low,Closed,3
67,103,2075,3,1,Incident,"2025-01-08 13:00:00",,High,Open,
68,105,2121,4,3,Incident,"2025-01-09 15:00:00","2025-01-11 10:00:00",Medium,Closed,4
69,101,2003,5,5,Service Request,"2025-01-10 11:30:00",,Low,Pending,
70,106,2128,6,4,Incident,"2025-01-11 09:00:00","2025-01-11 13:30:00",Medium,Closed,5
71,102,2032,7,2,Service Request,"2025-01-12 12:30:00","2025-01-13 16:00:00",Low,Closed,2
72,107,2175,8,1,Incident,"2025-01-13 10:00:00","2025-01-13 10:20:00",High,Closed,5
73,103,2065,1,3,Incident,"2025-01-14 14:00:00",,Medium,In Progress,
74,105,2104,2,5,Service Request,"2025-01-15 16:00:00","2025-01-16 11:00:00",Low,Closed,5
75,101,2013,3,4,Incident,"2025-01-16 09:30:00","2025-01-16 17:00:00",Medium,Closed,4
76,106,2135,4,2,Service Request,"2025-01-17 11:00:00","2025-01-18 10:00:00",Low,Closed,5
77,102,2043,5,1,Incident,"2025-01-18 13:30:00",,High,Open,
78,107,2158,6,3,Incident,"2025-01-19 15:00:00","2025-01-21 14:00:00",Medium,Closed,3
79,103,2082,7,5,Service Request,"2025-01-20 10:00:00",,Low,Pending,
80,105,2117,8,4,Incident,"2025-01-21 09:00:00","2025-01-21 11:00:00",Medium,Closed,5
81,101,2020,1,1,Incident,"2025-01-22 08:45:00","2025-01-22 09:10:00",High,Closed,5
82,102,2052,2,2,Service Request,"2025-01-22 09:30:00","2025-01-23 15:00:00",Medium,Closed,4
83,103,2063,3,3,Incident,"2025-01-22 10:15:00",,Low,Open,
84,104,2084,4,4,Incident,"2025-01-23 11:00:00","2025-01-23 19:00:00",High,Closed,5
85,105,2109,5,5,Service Request,"2025-01-23 14:30:00",,Medium,In Progress,
86,107,2182,6,2,Service Request,"2025-01-24 10:00:00","2025-01-25 11:00:00",Medium,Closed,3
87,102,2036,7,5,Service Request,"2025-01-25 15:45:00",,High,Open,
88,106,2129,8,1,Incident,"2025-01-26 09:00:00","2025-01-26 16:30:00",Low,Closed,5
89,107,2171,1,3,Incident,"2025-01-27 11:30:00",,Medium,In Progress,
90,103,2079,2,2,Service Request,"2025-01-28 16:00:00","2025-01-30 10:00:00",High,Closed,2
91,101,2029,3,5,Service Request,"2025-01-29 09:00:00","2025-01-29 15:30:00",Medium,Closed,5
92,105,2111,4,1,Incident,"2025-01-30 11:00:00","2025-01-30 11:40:00",High,Closed,5
93,107,2159,5,3,Incident,"2025-01-31 14:00:00","2025-02-02 10:00:00",Medium,Resolved,
94,102,2041,6,4,Incident,"2025-02-01 16:00:00",,Low,Pending,
95,104,2089,7,2,Service Request,"2025-02-02 09:45:00","2025-02-03 17:00:00",Medium,Closed,4
96,106,2145,8,5,Service Request,"2025-02-03 10:00:00","2025-02-03 11:30:00",Low,Closed,5
97,103,2061,1,1,Incident,"2025-02-04 13:15:00",,High,In Progress,
98,101,2009,2,2,Service Request,"2025-02-05 15:00:00","2025-02-07 12:00:00",Medium,Closed,3
99,105,2122,3,3,Incident,"2025-02-06 11:30:00",,Medium,Open,
100,107,2162,4,4,Incident,"2025-02-07 09:00:00","2025-02-07 18:30:00",Low,Closed,5
101,104,2095,5,1,Incident,"2025-02-08 10:20:00","2025-02-08 11:00:00",High,Closed,5
102,106,2132,6,3,Incident,"2025-02-09 11:00:00","2025-02-10 14:00:00",Medium,Resolved,
103,102,2049,7,5,Service Request,"2025-02-10 13:00:00",,Low,Pending,
104,101,2017,8,2,Service Request,"2025-02-11 15:00:00","2025-02-12 16:00:00",Medium,Closed,4
105,105,2114,1,4,Incident,"2025-02-12 09:30:00","2025-02-12 17:00:00",Medium,Closed,5
106,107,2177,2,1,Incident,"2025-02-13 10:00:00",,High,Open,
107,103,2077,3,3,Incident,"2025-02-14 11:00:00","2025-02-16 12:00:00",Medium,Closed,3
108,104,2102,4,5,Service Request,"2025-02-15 14:00:00","2025-02-15 15:30:00",Low,Closed,5
109,106,2152,5,2,Service Request,"2025-02-16 16:00:00",,Medium,In Progress,
110,101,2024,6,4,Incident,"2025-02-17 09:00:00","2025-02-17 10:30:00",Low,Closed,4
111,102,2034,7,1,Incident,"2025-02-18 11:30:00","2025-02-18 11:45:00",High,Closed,5
112,103,2066,8,3,Incident,"2025-02-19 14:00:00","2025-02-21 11:00:00",Medium,Resolved,
113,104,2099,1,5,Service Request,"2025-02-20 16:30:00",,Low,Open,
114,105,2116,2,2,Service Request,"2025-02-21 09:00:00","2025-02-22 17:00:00",Medium,Closed,3
115,107,2166,3,4,Incident,"2025-02-22 10:00:00",,High,In Progress,
116,101,2014,4,1,Incident,"2025-02-23 12:00:00","2025-02-23 12:20:00",High,Closed,5
117,102,2056,5,3,Incident,"2025-02-24 15:00:00",,Medium,Pending,
118,103,2072,6,5,Service Request,"2025-02-25 10:00:00","2025-02-26 14:00:00",Low,Closed,4
119,101,2006,1,1,Incident,"2025-02-26 08:30:00","2025-02-26 10:00:00",High,Closed,5
120,102,2036,2,2,Service Request,"2025-02-26 09:00:00","2025-02-28 14:30:00",Medium,Closed,4
121,103,2067,3,3,Incident,"2025-02-27 10:00:00","2025-03-01 11:00:00",Low,Closed,4
122,101,2016,4,1,Incident,"2025-02-27 11:30:00","2025-02-28 09:00:00",High,Closed,5
123,104,2086,5,4,Incident,"2025-02-28 14:00:00","2025-03-02 15:30:00",Medium,Closed,3
124,105,2106,6,2,Service Request,"2025-03-01 10:00:00","2025-03-03 11:00:00",Medium,Closed,3
125,102,2046,7,5,Service Request,"2025-03-02 15:00:00","2025-03-03 16:00:00",High,Closed,5
126,106,2127,8,1,Incident,"2025-03-03 09:30:00","2025-03-04 16:00:00",Low,Closed,5
127,107,2157,1,3,Incident,"2025-03-04 11:00:00","2025-03-06 10:00:00",Medium,Closed,4
128,103,2071,2,2,Service Request,"2025-03-05 16:30:00","2025-03-07 10:00:00",High,Closed,2
129,101,2021,3,5,Service Request,"2025-03-06 09:05:00","2025-03-06 15:20:00",Medium,Closed,5
130,105,2116,4,1,Incident,"2025-03-07 11:23:00","2025-03-07 11:55:00",High,Closed,5
131,107,2161,5,3,Incident,"2025-03-08 14:00:00","2025-03-10 10:00:00",Medium,Resolved,
132,102,2051,6,4,Incident,"2025-03-09 16:01:00",,Low,Pending,
133,104,2096,7,2,Service Request,"2025-03-10 09:30:00","2025-03-11 17:00:00",Medium,Closed,4
134,106,2131,8,5,Service Request,"2025-03-11 10:10:00","2025-03-11 11:30:00",Low,Closed,5
135,103,2069,1,1,Incident,"2025-03-12 13:45:00",,High,In Progress,
136,101,2004,2,2,Service Request,"2025-03-13 15:00:00","2025-03-15 12:00:00",Medium,Closed,3
137,105,2104,3,3,Incident,"2025-03-14 11:00:00",,Medium,Open,
138,107,2154,4,4,Incident,"2025-03-15 09:00:00","2025-03-15 18:30:00",Low,Closed,5
139,102,2039,5,5,Service Request,"2025-03-16 12:12:00","2025-03-17 14:00:00",Medium,Closed,2
140,104,2087,6,1,Incident,"2025-03-17 10:00:00","2025-03-17 10:30:00",High,Closed,5
141,106,2141,7,2,Service Request,"2025-03-18 14:20:00","2025-03-20 11:00:00",Low,Resolved,
142,103,2076,8,3,Incident,"2025-03-19 16:50:00",,Medium,In Progress,
143,101,2023,1,4,Incident,"2025-03-20 09:18:00","2025-03-20 17:00:00",Medium,Closed,4
144,105,2120,2,5,Service Request,"2025-03-21 11:30:00","2025-03-22 10:00:00",Low,Closed,5
145,107,2172,3,1,Incident,"2025-03-22 13:00:00",,High,Open,
146,102,2047,4,2,Service Request,"2025-03-23 15:25:00","2025-03-25 16:00:00",Medium,Closed,3
147,104,2092,5,3,Incident,"2025-03-24 10:40:00",,Medium,Pending,
148,106,2147,6,4,Incident,"2025-03-25 09:00:00","2025-03-25 11:00:00",Low,Closed,5
149,101,2007,7,5,Service Request,"2025-03-26 10:15:00","2025-03-27 11:00:00",Medium,Closed,4
150,103,2066,8,1,Incident,"2025-03-27 11:00:00","2025-03-27 11:25:00",High,Closed,5
151,105,2107,1,2,Service Request,"2025-03-28 14:00:00","2025-03-30 13:00:00",Low,Closed,4
152,107,2156,2,3,Incident,"2025-03-29 16:30:00",,Medium,In Progress,
153,102,2037,3,4,Incident,"2025-03-30 09:00:00","2025-03-30 17:45:00",Medium,Closed,3
154,104,2097,4,5,Service Request,"2025-03-31 10:45:00","2025-04-01 14:00:00",Low,Closed,5
155,106,2137,5,1,Incident,"2025-04-01 13:00:00",,High,Pending,
156,101,2012,6,2,Service Request,"2025-04-02 15:00:00","2025-04-04 11:00:00",Medium,Resolved,
157,103,2059,7,3,Incident,"2025-04-03 11:30:00",,Medium,Open,
158,105,2109,8,4,Incident,"2025-04-04 09:00:00","2025-04-04 12:00:00",Low,Closed,5
159,107,2159,1,5,Service Request,"2025-04-05 12:30:00","2025-04-06 15:00:00",Medium,Closed,4
160,102,2044,2,1,Incident,"2025-04-06 10:00:00","2025-04-06 10:15:00",High,Closed,5
161,104,2094,3,2,Service Request,"2025-04-07 14:00:00","2025-04-09 10:00:00",Low,Closed,3
162,106,2144,4,3,Incident,"2025-04-08 16:00:00",,Medium,In Progress,
163,101,2027,5,4,Incident,"2025-04-09 09:30:00","2025-04-09 18:00:00",Medium,Closed,2
164,103,2081,6,5,Service Request,"2025-04-10 11:00:00","2025-04-11 12:00:00",Low,Closed,5
165,105,2111,7,1,Incident,"2025-04-11 13:30:00",,High,Open,
166,107,2166,8,2,Service Request,"2025-04-12 15:00:00","2025-04-14 14:00:00",Medium,Closed,4
167,102,2054,1,3,Incident,"2025-04-13 10:00:00",,Medium,Pending,
168,104,2101,2,4,Incident,"2025-04-14 09:00:00","2025-04-14 13:00:00",Low,Closed,5
169,101,2006,3,2,Service Request,"2025-04-15 09:45:00","2025-04-16 11:30:00",Low,Closed,5
170,106,2136,4,1,Incident,"2025-04-16 11:00:00","2025-04-16 11:20:00",High,Closed,5
171,102,2046,5,3,Incident,"2025-04-17 13:00:00","2025-04-18 10:00:00",Medium,Resolved,
172,107,2176,6,5,Service Request,"2025-04-18 15:00:00",,Low,Open,
173,103,2071,7,4,Incident,"2025-04-19 09:00:00",,High,In Progress,
174,105,2119,8,2,Service Request,"2025-04-20 10:30:00","2025-04-21 16:00:00",Medium,Closed,3
175,101,2016,1,1,Incident,"2025-04-21 12:00:00","2025-04-21 12:10:00",High,Closed,5
176,106,2146,2,5,Service Request,"2025-04-22 14:00:00","2025-04-23 11:00:00",Medium,Closed,4
177,102,2056,3,3,Incident,"2025-04-23 16:00:00",,Medium,Pending,
178,107,2174,4,4,Incident,"2025-04-24 09:00:00","2025-04-24 17:00:00",Low,Closed,5
179,103,2067,5,2,Service Request,"2025-04-25 09:15:00","2025-04-26 14:00:00",Medium,Closed,4
180,105,2121,6,1,Incident,"2025-04-26 11:30:00","2025-04-26 11:45:00",High,Closed,5
181,101,2026,7,3,Incident,"2025-04-27 14:00:00",,Medium,In Progress,
182,106,2134,8,5,Service Request,"2025-04-28 16:30:00","2025-04-29 12:00:00",Low,Closed,5
183,102,2042,1,4,Incident,"2025-04-29 09:00:00","2025-04-29 18:00:00",Medium,Resolved,
184,107,2164,2,2,Service Request,"2025-04-30 10:45:00","2025-05-01 15:00:00",Low,Closed,3
185,103,2074,3,1,Incident,"2025-05-01 13:00:00",,High,Open,
186,105,2112,4,3,Incident,"2025-05-02 15:00:00","2025-05-04 10:00:00",Medium,Closed,4
187,101,2017,5,5,Service Request,"2025-05-03 11:30:00",,Low,Pending,
188,106,2142,6,4,Incident,"2025-05-04 09:00:00","2025-05-04 13:30:00",Medium,Closed,5
189,102,2052,7,2,Service Request,"2025-05-05 12:30:00","2025-05-06 16:00:00",Low,Closed,2
190,107,2172,8,1,Incident,"2025-05-06 10:00:00","2025-05-06 10:20:00",High,Closed,5
191,103,2072,1,3,Incident,"2025-05-07 14:00:00",,Medium,In Progress,
192,105,2108,2,5,Service Request,"2025-05-08 16:00:00","2025-05-09 11:00:00",Low,Closed,5
193,101,2001,3,4,Incident,"2025-05-09 09:30:00","2025-05-09 17:00:00",Medium,Closed,4
194,106,2124,4,2,Service Request,"2025-05-10 11:00:00","2025-05-11 10:00:00",Low,Closed,5
195,102,2031,5,1,Incident,"2025-05-11 13:30:00",,High,Open,
196,107,2152,6,3,Incident,"2025-05-12 15:00:00","2025-05-14 14:00:00",Medium,Closed,3
197,103,2062,7,5,Service Request,"2025-05-13 10:00:00",,Low,Pending,
198,105,2114,8,4,Incident,"2025-05-14 09:00:00","2025-05-14 11:00:00",Medium,Closed,5
199,101,2022,1,1,Incident,"2025-05-15 08:45:00","2025-05-15 09:10:00",High,Closed,5
200,102,2033,2,2,Service Request,"2025-05-15 09:30:00","2025-05-16 15:00:00",Medium,Closed,4
201,103,2063,3,3,Incident,"2025-05-15 10:15:00",,Low,Open,
202,104,2083,4,4,Incident,"2025-05-16 11:00:00","2025-05-16 19:00:00",High,Closed,5
203,105,2103,5,5,Service Request,"2025-05-16 14:30:00",,Medium,In Progress,
204,107,2170,6,2,Service Request,"2025-05-17 10:00:00","2025-05-18 11:00:00",Medium,Closed,3
205,102,2050,7,5,Service Request,"2025-05-18 15:45:00",,High,Open,
206,106,2130,8,1,Incident,"2025-05-19 09:00:00","2025-05-19 16:30:00",Low,Closed,5
207,107,2160,1,3,Incident,"2025-05-20 11:30:00",,Medium,In Progress,
208,103,2080,2,2,Service Request,"2025-05-21 16:00:00","2025-05-23 10:00:00",High,Closed,2
209,101,2008,3,5,Service Request,"2025-05-22 09:00:00","2025-05-22 15:30:00",Medium,Closed,5
210,105,2108,4,1,Incident,"2025-05-23 11:00:00","2025-05-23 11:40:00",High,Closed,5
211,107,2158,5,3,Incident,"2025-05-24 14:00:00","2025-05-26 10:00:00",Medium,Resolved,
212,102,2038,6,4,Incident,"2025-05-25 16:00:00",,Low,Pending,
213,104,2088,7,2,Service Request,"2025-05-26 09:45:00","2025-05-27 17:00:00",Medium,Closed,4
214,106,2148,8,5,Service Request,"2025-05-27 10:00:00","2025-05-27 11:30:00",Low,Closed,5
215,103,2058,1,1,Incident,"2025-05-28 13:15:00",,High,In Progress,
216,101,2018,2,2,Service Request,"2025-05-29 15:00:00","2025-05-31 12:00:00",Medium,Closed,3
217,105,2118,3,3,Incident,"2025-05-30 11:30:00",,Medium,Open,
218,107,2178,4,4,Incident,"2025-05-31 09:00:00","2025-05-31 18:30:00",Low,Closed,5
219,104,2098,5,1,Incident,"2025-06-01 10:20:00","2025-06-01 11:00:00",High,Closed,5
220,106,2138,6,3,Incident,"2025-06-02 11:00:00","2025-06-03 14:00:00",Medium,Resolved,
221,102,2048,7,5,Service Request,"2025-06-03 13:00:00",,Low,Pending,
222,101,2002,8,2,Service Request,"2025-06-04 15:00:00","2025-06-05 16:00:00",Medium,Closed,4
223,105,2102,1,4,Incident,"2025-06-05 09:30:00","2025-06-05 17:00:00",Medium,Closed,5
224,107,2167,2,1,Incident,"2025-06-06 10:00:00",,High,Open,
225,103,2060,3,3,Incident,"2025-06-07 11:00:00","2025-06-09 12:00:00",Medium,Closed,3
226,104,2085,4,5,Service Request,"2025-06-08 14:00:00","2025-06-08 15:30:00",Low,Closed,5
227,106,2125,5,2,Service Request,"2025-06-09 16:00:00",,Medium,In Progress,
228,101,2011,6,4,Incident,"2025-06-10 09:00:00","2025-06-10 10:30:00",Low,Closed,4
229,102,2033,7,1,Incident,"2025-06-11 11:30:00","2025-06-11 11:45:00",High,Closed,5
230,103,2078,8,3,Incident,"2025-06-12 14:00:00","2025-06-14 11:00:00",Medium,Resolved,
231,104,2100,1,5,Service Request,"2025-06-13 16:30:00",,Low,Open,
232,105,2105,2,2,Service Request,"2025-06-14 09:00:00","2025-06-15 17:00:00",Medium,Closed,3
233,107,2155,3,4,Incident,"2025-06-15 10:00:00",,High,In Progress,
234,101,2005,4,1,Incident,"2025-06-16 12:00:00","2025-06-16 12:20:00",High,Closed,5
235,102,2042,5,3,Incident,"2025-06-17 15:00:00",,Medium,Pending,
236,103,2068,6,5,Service Request,"2025-06-18 10:00:00","2025-06-19 14:00:00",Low,Closed,4
237,104,2089,1,1,Incident,"2025-06-19 09:00:00","2025-06-19 09:15:00",High,Closed,5
238,105,2115,2,2,Service Request,"2025-06-20 11:00:00","2025-06-21 16:00:00",Medium,Closed,4
239,106,2133,3,3,Incident,"2025-06-21 10:00:00",,Low,Open,
240,107,2163,4,4,Incident,"2025-06-22 14:00:00","2025-06-22 18:00:00",Medium,Closed,5
241,101,2024,5,5,Service Request,"2025-06-23 09:00:00",,Medium,In Progress,
242,102,2055,6,1,Incident,"2025-06-24 10:30:00","2025-06-24 11:00:00",High,Closed,5
243,103,2065,7,2,Service Request,"2025-06-25 11:00:00",,Low,In Progress,
244,104,2093,8,3,Incident,"2025-06-26 13:00:00","2025-06-28 10:00:00",Medium,Closed,3
245,105,2111,1,4,Incident,"2025-06-27 15:00:00",,High,Open,
246,106,2144,2,5,Service Request,"2025-06-28 09:00:00","2025-06-29 14:00:00",Medium,Closed,4
247,107,2174,3,1,Incident,"2025-06-29 10:00:00","2025-06-29 10:30:00",High,Closed,5
248,101,2012,4,2,Service Request,"2025-06-30 11:30:00","2025-07-01 16:00:00",Low,Closed,5
249,102,2039,5,3,Incident,"2025-07-01 14:00:00",,Medium,Pending,
250,103,2070,6,4,Incident,"2025-07-01 15:00:00","2025-07-02 11:00:00",Low,Closed,5
251,104,2084,7,5,Service Request,"2025-07-02 09:00:00","2025-07-03 10:00:00",Medium,Closed,4
252,105,2104,8,1,Incident,"2025-07-02 10:00:00","2025-07-02 10:15:00",High,Closed,5
253,106,2124,1,2,Service Request,"2025-07-03 11:00:00","2025-07-04 12:00:00",Low,Resolved,
254,107,2154,2,3,Incident,"2025-07-03 14:00:00",,Medium,In Progress,
255,101,2020,3,4,Incident,"2025-07-04 09:00:00","2025-07-04 17:00:00",Medium,Closed,2
256,102,2050,4,5,Service Request,"2025-07-05 10:00:00","2025-07-06 11:00:00",Low,Closed,5
257,103,2061,5,1,Incident,"2025-07-05 12:00:00",,High,Open,
258,104,2090,6,2,Service Request,"2025-07-06 14:00:00","2025-07-08 10:00:00",Medium,Closed,4
259,105,2122,7,3,Incident,"2025-07-07 09:00:00",,Medium,Pending,
260,106,2151,8,4,Incident,"2025-07-07 10:00:00","2025-07-07 14:00:00",Low,Closed,5
261,107,2181,1,5,Service Request,"2025-07-08 11:00:00","2025-07-09 12:00:00",Low,Closed,5
262,101,2003,2,1,Incident,"2025-07-08 13:00:00","2025-07-08 13:25:00",High,Closed,5
263,102,2032,3,3,Incident,"2025-07-09 09:00:00",,Medium,In Progress,
264,103,2079,4,5,Service Request,"2025-07-09 10:00:00",,Low,Open,
265,104,2087,5,2,Service Request,"2025-07-09 11:00:00",,Medium,In Progress,
266,105,2107,6,4,Incident,"2025-07-10 09:00:00",,High,In Progress,
267,106,2127,7,1,Incident,"2025-07-10 10:00:00",,High,Open,
268,107,2157,8,3,Incident,"2025-07-10 11:00:00",,Medium,Open,
269,101,2015,1,5,Service Request,"2025-01-15 09:00:00","2025-01-16 10:30:00",Medium,Closed,5
270,102,2040,2,1,Incident,"2025-01-15 11:00:00","2025-01-15 11:20:00",High,Closed,5
271,103,2060,3,3,Incident,"2025-01-16 14:00:00","2025-01-18 12:00:00",Medium,Closed,4
272,104,2089,4,4,Incident,"2025-01-16 16:00:00",,Low,Pending,
273,105,2110,5,2,Service Request,"2025-01-17 09:30:00","2025-01-18 17:00:00",Medium,Closed,4
274,106,2139,6,5,Service Request,"2025-01-17 10:00:00","2025-01-17 11:45:00",Low,Closed,5
275,107,2169,7,1,Incident,"2025-01-18 13:00:00",,High,In Progress,
276,101,2007,8,2,Service Request,"2025-01-18 15:30:00","2025-01-20 12:00:00",Medium,Closed,3
277,102,2035,1,3,Incident,"2025-01-19 11:30:00",,Medium,Open,
278,103,2073,2,4,Incident,"2025-01-19 09:00:00","2025-01-19 18:00:00",Low,Closed,5
279,104,2099,3,5,Service Request,"2025-01-20 12:00:00","2025-01-21 14:30:00",Medium,Closed,2
280,105,2119,4,1,Incident,"2025-01-20 10:00:00","2025-01-20 10:35:00",High,Closed,5
281,106,2149,5,2,Service Request,"2025-01-21 14:00:00","2025-01-23 11:00:00",Low,Resolved,
282,107,2179,6,3,Incident,"2025-01-21 16:00:00",,Medium,In Progress,
283,101,2025,7,4,Incident,"2025-01-22 09:00:00","2025-01-22 17:30:00",Medium,Closed,4
284,102,2051,8,5,Service Request,"2025-01-22 11:30:00","2025-01-23 10:00:00",Low,Closed,5
285,103,2064,1,1,Incident,"2025-01-23 13:00:00",,High,Open,
286,104,2086,2,2,Service Request,"2025-01-23 15:00:00","2025-01-25 16:00:00",Medium,Closed,3
287,105,2106,3,3,Incident,"2025-01-24 10:00:00",,Medium,Pending,
288,106,2126,4,4,Incident,"2025-01-24 09:00:00","2025-01-24 11:00:00",Low,Closed,5
289,107,2156,5,5,Service Request,"2025-02-01 10:00:00","2025-02-02 11:00:00",Medium,Closed,4
290,101,2010,6,1,Incident,"2025-02-01 11:00:00","2025-02-01 11:25:00",High,Closed,5
291,102,2031,7,2,Service Request,"2025-02-02 14:00:00","2025-02-04 13:00:00",Low,Closed,4
292,103,2077,8,3,Incident,"2025-02-02 16:00:00",,Medium,In Progress,
293,104,2091,1,4,Incident,"2025-02-03 09:00:00","2025-02-03 17:45:00",Medium,Closed,3
294,105,2117,2,5,Service Request,"2025-02-03 10:45:00","2025-02-04 14:00:00",Low,Closed,5
295,106,2137,3,1,Incident,"2025-02-04 13:00:00",,High,Pending,
296,107,2167,4,2,Service Request,"2025-02-04 15:00:00","2025-02-06 11:00:00",Medium,Resolved,
297,101,2013,5,3,Incident,"2025-02-05 11:30:00",,Medium,Open,
298,102,2047,6,4,Incident,"2025-02-05 09:00:00","2025-02-05 12:00:00",Low,Closed,5
299,103,2057,7,5,Service Request,"2025-02-06 12:30:00","2025-02-07 15:00:00",Medium,Closed,4
300,104,2087,8,1,Incident,"2025-02-06 10:00:00","2025-02-06 10:15:00",High,Closed,5
301,105,2107,1,2,Service Request,"2025-02-07 14:00:00","2025-02-09 10:00:00",Low,Closed,3
302,106,2127,2,3,Incident,"2025-02-07 16:00:00",,Medium,In Progress,
303,107,2151,3,4,Incident,"2025-02-08 09:30:00","2025-02-08 18:00:00",Medium,Closed,2
304,101,2023,4,5,Service Request,"2025-02-08 11:00:00","2025-02-09 12:00:00",Low,Closed,5
305,102,2053,5,1,Incident,"2025-02-09 13:30:00",,High,Open,
306,103,2076,6,2,Service Request,"2025-02-09 15:00:00","2025-02-11 14:00:00",Medium,Closed,4
307,104,2096,7,3,Incident,"2025-02-10 10:00:00",,Medium,Pending,
308,105,2116,8,4,Incident,"2025-02-10 09:00:00","2025-02-10 13:00:00",Low,Closed,5
309,106,2146,1,2,Service Request,"2025-02-11 09:45:00","2025-02-12 11:30:00",Low,Closed,5
310,107,2176,2,1,Incident,"2025-02-11 11:00:00","2025-02-11 11:20:00",High,Closed,5
311,101,2004,3,3,Incident,"2025-02-12 13:00:00","2025-02-13 10:00:00",Medium,Resolved,
312,102,2034,4,5,Service Request,"2025-02-12 15:00:00",,Low,Open,
313,103,2069,5,4,Incident,"2025-02-13 09:00:00",,High,In Progress,
314,104,2092,6,2,Service Request,"2025-02-13 10:30:00","2025-02-14 16:00:00",Medium,Closed,3
315,105,2112,7,1,Incident,"2025-02-14 12:00:00","2025-02-14 12:10:00",High,Closed,5
316,106,2132,8,5,Service Request,"2025-02-14 14:00:00","2025-02-15 11:00:00",Medium,Closed,4
317,107,2162,1,3,Incident,"2025-02-15 16:00:00",,Medium,Pending,
318,101,2011,2,4,Incident,"2025-02-15 09:00:00","2025-02-15 17:00:00",Low,Closed,5
319,102,2041,3,2,Service Request,"2025-02-16 09:15:00","2025-02-17 14:00:00",Medium,Closed,4
320,103,2081,4,1,Incident,"2025-02-16 11:30:00","2025-02-16 11:45:00",High,Closed,5
321,104,2094,5,3,Incident,"2025-02-17 14:00:00",,Medium,In Progress,
322,105,2114,6,5,Service Request,"2025-02-17 16:30:00","2025-02-18 12:00:00",Low,Closed,5
323,106,2134,7,4,Incident,"2025-02-18 09:00:00","2025-02-18 18:00:00",Medium,Resolved,
324,107,2161,8,2,Service Request,"2025-02-18 10:45:00","2025-02-19 15:00:00",Low,Closed,3
325,101,2021,1,1,Incident,"2025-02-19 13:00:00",,High,Open,
326,102,2043,2,3,Incident,"2025-02-19 15:00:00","2025-02-21 10:00:00",Medium,Closed,4
327,103,2068,3,5,Service Request,"2025-02-20 11:30:00",,Low,Pending,
328,104,2088,4,4,Incident,"2025-02-20 09:00:00","2025-02-04 13:30:00",Medium,Closed,5
329,105,2108,5,2,Service Request,"2025-02-21 12:30:00","2025-02-22 16:00:00",Low,Closed,2
330,106,2128,6,1,Incident,"2025-02-21 10:00:00","2025-02-21 10:20:00",High,Closed,5
331,107,2158,7,3,Incident,"2025-02-22 14:00:00",,Medium,In Progress,
332,101,2009,8,5,Service Request,"2025-02-22 16:00:00","2025-02-23 11:00:00",Low,Closed,5
333,102,2039,1,4,Incident,"2025-02-23 09:30:00","2025-02-23 17:00:00",Medium,Closed,4
334,103,2071,2,2,Service Request,"2025-02-23 11:00:00","2025-02-24 10:00:00",Low,Closed,5
335,104,2095,3,1,Incident,"2025-02-24 13:30:00",,High,Open,
336,105,2118,4,3,Incident,"2025-02-24 15:00:00","2025-02-26 14:00:00",Medium,Closed,3
337,106,2138,5,5,Service Request,"2025-02-25 10:00:00",,Low,Pending,
338,107,2168,6,4,Incident,"2025-02-25 09:00:00","2025-02-25 11:00:00",Medium,Closed,5
339,101,2019,7,1,Incident,"2025-03-01 08:45:00","2025-03-01 09:10:00",High,Closed,5
340,102,2049,8,2,Service Request,"2025-03-01 09:30:00","2025-03-02 15:00:00",Medium,Closed,4
341,103,2059,1,3,Incident,"2025-03-02 10:15:00",,Low,Open,
342,104,2097,2,4,Incident,"2025-03-02 11:00:00","2025-03-02 19:00:00",High,Closed,5
343,105,2113,3,5,Service Request,"2025-03-03 14:30:00",,Medium,In Progress,
344,106,2133,4,2,Service Request,"2025-03-03 10:00:00","2025-03-04 11:00:00",Medium,Closed,3
345,107,2166,5,5,Service Request,"2025-03-04 15:45:00",,High,Open,
346,101,2006,6,1,Incident,"2025-03-04 09:00:00","2025-03-04 16:30:00",Low,Closed,5
347,102,2036,7,3,Incident,"2025-03-05 11:30:00",,Medium,In Progress,
348,103,2074,8,2,Service Request,"2025-03-05 16:00:00","2025-03-07 10:00:00",High,Closed,2
349,104,2084,1,5,Service Request,"2025-03-06 09:00:00","2025-03-06 15:30:00",Medium,Closed,5
350,105,2105,2,1,Incident,"2025-03-06 11:00:00","2025-03-06 11:40:00",High,Closed,5
351,106,2125,3,3,Incident,"2025-03-07 14:00:00","2025-03-09 10:00:00",Medium,Resolved,
352,107,2155,4,4,Incident,"2025-03-07 16:00:00",,Low,Pending,
353,101,2014,5,2,Service Request,"2025-03-08 09:45:00","2025-03-09 17:00:00",Medium,Closed,4
354,102,2045,6,5,Service Request,"2025-03-08 10:00:00","2025-03-08 11:30:00",Low,Closed,5
355,103,2065,7,1,Incident,"2025-03-09 13:15:00",,High,In Progress,
356,104,2090,8,2,Service Request,"2025-03-09 15:00:00","2025-03-11 12:00:00",Medium,Closed,3
357,105,2110,1,3,Incident,"2025-03-10 11:30:00",,Medium,Open,
358,106,2131,2,4,Incident,"2025-03-10 09:00:00","2025-03-10 18:30:00",Low,Closed,5
359,107,2161,3,1,Incident,"2025-03-11 10:20:00","2025-03-11 11:00:00",High,Closed,5
360,101,2028,4,3,Incident,"2025-03-11 11:00:00","2025-03-12 14:00:00",Medium,Resolved,
361,102,2056,5,5,Service Request,"2025-03-12 13:00:00",,Low,Pending,
362,103,2070,6,2,Service Request,"2025-03-12 15:00:00","2025-03-13 16:00:00",Medium,Closed,4
363,104,2101,7,4,Incident,"2025-03-13 09:30:00","2025-03-13 17:00:00",Medium,Closed,5
364,105,2121,8,1,Incident,"2025-03-13 10:00:00",,High,Open,
365,106,2141,1,3,Incident,"2025-03-14 11:00:00","2025-03-16 12:00:00",Medium,Closed,3
366,107,2171,2,5,Service Request,"2025-03-14 14:00:00","2025-03-14 15:30:00",Low,Closed,5
367,101,2001,3,2,Service Request,"2025-03-15 16:00:00",,Medium,In Progress,
368,102,2031,4,4,Incident,"2025-03-15 09:00:00","2025-03-15 10:30:00",Low,Closed,4
369,103,2061,5,1,Incident,"2025-03-16 11:30:00","2025-03-16 11:45:00",High,Closed,5
370,104,2091,6,3,Incident,"2025-03-16 14:00:00","2025-03-18 11:00:00",Medium,Resolved,
371,105,2111,7,5,Service Request,"2025-03-17 16:30:00",,Low,Open,
372,106,2136,8,2,Service Request,"2025-03-17 09:00:00","2025-03-18 17:00:00",Medium,Closed,3
373,107,2165,1,4,Incident,"2025-03-18 10:00:00",,High,In Progress,
374,101,2016,2,1,Incident,"2025-03-18 12:00:00","2025-03-18 12:20:00",High,Closed,5
375,102,2046,3,3,Incident,"2025-03-19 15:00:00",,Medium,Pending,
376,103,2075,4,5,Service Request,"2025-03-19 10:00:00","2025-03-20 14:00:00",Low,Closed,4
377,104,2085,5,1,Incident,"2025-04-01 09:00:00","2025-04-01 09:15:00",High,Closed,5
378,105,2105,6,2,Service Request,"2025-04-01 11:00:00","2025-04-02 16:00:00",Medium,Closed,4
379,106,2125,7,3,Incident,"2025-04-02 10:00:00",,Low,Open,
380,107,2155,8,4,Incident,"2025-04-02 14:00:00","2025-04-02 18:00:00",Medium,Closed,5
381,101,2029,1,5,Service Request,"2025-04-03 09:00:00",,Medium,In Progress,
382,102,2033,2,1,Incident,"2025-04-03 10:30:00","2025-04-03 11:00:00",High,Closed,5
383,103,2063,3,2,Service Request,"2025-04-04 11:00:00",,Low,In Progress,
384,104,2094,4,3,Incident,"2025-04-04 13:00:00","2025-04-06 10:00:00",Medium,Closed,3
385,105,2113,5,4,Incident,"2025-04-05 15:00:00",,High,Open,
386,106,2134,6,5,Service Request,"2025-04-05 09:00:00","2025-04-06 14:00:00",Medium,Closed,4
387,107,2164,7,1,Incident,"2025-04-06 10:00:00","2025-04-06 10:30:00",High,Closed,5
388,101,2013,8,2,Service Request,"2025-04-06 11:30:00","2025-04-07 16:00:00",Low,Closed,5
389,102,2044,1,3,Incident,"2025-04-07 14:00:00",,Medium,Pending,
390,103,2078,2,4,Incident,"2025-04-07 15:00:00","2025-04-08 11:00:00",Low,Closed,5
391,104,2083,3,5,Service Request,"2025-04-08 09:00:00","2025-04-09 10:00:00",Medium,Closed,4
392,105,2103,4,1,Incident,"2025-04-08 10:00:00","2025-04-08 10:15:00",High,Closed,5
393,106,2143,5,2,Service Request,"2025-04-09 11:00:00","2025-04-10 12:00:00",Low,Resolved,
394,107,2173,6,3,Incident,"2025-04-09 14:00:00",,Medium,In Progress,
395,101,2023,7,4,Incident,"2025-04-10 09:00:00","2025-04-10 17:00:00",Medium,Closed,2
396,102,2054,8,5,Service Request,"2025-04-10 10:00:00","2025-04-11 11:00:00",Low,Closed,5
397,103,2062,1,1,Incident,"2025-04-11 12:00:00",,High,Open,
398,104,2092,2,2,Service Request,"2025-04-11 14:00:00","2025-04-13 10:00:00",Medium,Closed,4
399,105,2120,3,3,Incident,"2025-04-12 09:00:00",,Medium,Pending,
400,106,2150,4,4,Incident,"2025-04-12 10:00:00","2025-04-12 14:00:00",Low,Closed,5
401,107,2180,5,5,Service Request,"2025-04-13 11:00:00","2025-04-14 12:00:00",Low,Closed,5
402,101,2009,6,1,Incident,"2025-04-13 13:00:00","2025-04-13 13:25:00",High,Closed,5
403,102,2037,7,3,Incident,"2025-04-14 09:00:00",,Medium,In Progress,
404,103,2072,8,5,Service Request,"2025-04-14 10:00:00",,Low,Open,
405,104,2082,1,2,Service Request,"2025-04-15 11:00:00",,Medium,In Progress,
406,105,2102,2,4,Incident,"2025-04-15 09:00:00",,High,In Progress,
407,106,2129,3,1,Incident,"2025-04-16 10:00:00",,High,Open,
408,107,2159,4,3,Incident,"2025-04-16 11:00:00",,Medium,Open,
409,101,2017,5,5,Service Request,"2025-04-17 09:00:00","2025-04-18 10:30:00",Medium,Closed,5
410,102,2047,6,1,Incident,"2025-04-17 11:00:00","2025-04-17 11:20:00",High,Closed,5
411,103,2067,7,3,Incident,"2025-04-18 14:00:00","2025-04-20 12:00:00",Medium,Closed,4
412,104,2097,8,4,Incident,"2025-04-18 16:00:00",,Low,Pending,
413,105,2117,1,2,Service Request,"2025-04-19 09:30:00","2025-04-20 17:00:00",Medium,Closed,4
414,106,2137,2,5,Service Request,"2025-04-19 10:00:00","2025-04-19 11:45:00",Low,Closed,5
415,107,2167,3,1,Incident,"2025-04-20 13:00:00",,High,In Progress,
416,101,2002,4,2,Service Request,"2025-04-20 15:30:00","2025-04-22 12:00:00",Medium,Closed,3
417,102,2035,5,3,Incident,"2025-04-21 11:30:00",,Medium,Open,
418,103,2073,6,4,Incident,"2025-04-21 09:00:00","2025-04-21 18:00:00",Low,Closed,5
419,104,2099,7,5,Service Request,"2025-04-22 12:00:00","2025-04-23 14:30:00",Medium,Closed,2
420,105,2119,8,1,Incident,"2025-04-22 10:00:00","2025-04-22 10:35:00",High,Closed,5
421,106,2149,1,2,Service Request,"2025-04-23 14:00:00","2025-04-25 11:00:00",Low,Resolved,
422,107,2179,2,3,Incident,"2025-04-23 16:00:00",,Medium,In Progress,
423,101,2025,3,4,Incident,"2025-04-24 09:00:00","2025-04-24 17:30:00",Medium,Closed,4
424,102,2051,4,5,Service Request,"2025-04-24 11:30:00","2025-04-25 10:00:00",Low,Closed,5
425,103,2064,5,1,Incident,"2025-04-25 13:00:00",,High,Open,
426,104,2086,6,2,Service Request,"2025-04-25 15:00:00","2025-04-27 16:00:00",Medium,Closed,3
427,105,2106,7,3,Incident,"2025-04-26 10:00:00",,Medium,Pending,
428,106,2126,8,4,Incident,"2025-04-26 09:00:00","2025-04-26 11:00:00",Low,Closed,5
429,107,2156,1,5,Service Request,"2025-05-01 10:00:00","2025-05-02 11:00:00",Medium,Closed,4
430,101,2010,2,1,Incident,"2025-05-01 11:00:00","2025-05-01 11:25:00",High,Closed,5
431,102,2031,3,2,Service Request,"2025-05-02 14:00:00","2025-05-04 13:00:00",Low,Closed,4
432,103,2077,4,3,Incident,"2025-05-02 16:00:00",,Medium,In Progress,
433,104,2091,5,4,Incident,"2025-05-03 09:00:00","2025-05-03 17:45:00",Medium,Closed,3
434,105,2117,6,5,Service Request,"2025-05-03 10:45:00","2025-05-04 14:00:00",Low,Closed,5
435,106,2137,7,1,Incident,"2025-05-04 13:00:00",,High,Pending,
436,107,2167,8,2,Service Request,"2025-05-04 15:00:00","2025-05-06 11:00:00",Medium,Resolved,
437,101,2013,1,3,Incident,"2025-05-05 11:30:00",,Medium,Open,
438,102,2047,2,4,Incident,"2025-05-05 09:00:00","2025-05-05 12:00:00",Low,Closed,5
439,103,2057,3,5,Service Request,"2025-05-06 12:30:00","2025-05-07 15:00:00",Medium,Closed,4
440,104,2087,4,1,Incident,"2025-05-06 10:00:00","2025-05-06 10:15:00",High,Closed,5
441,105,2107,5,2,Service Request,"2025-05-07 14:00:00","2025-05-09 10:00:00",Low,Closed,3
442,106,2127,6,3,Incident,"2025-05-07 16:00:00",,Medium,In Progress,
443,107,2151,7,4,Incident,"2025-05-08 09:30:00","2025-05-08 18:00:00",Medium,Closed,2
444,101,2023,8,5,Service Request,"2025-05-08 11:00:00","2025-05-09 12:00:00",Low,Closed,5
445,102,2053,1,1,Incident,"2025-05-09 13:30:00",,High,Open,
446,103,2076,2,2,Service Request,"2025-05-09 15:00:00","2025-05-11 14:00:00",Medium,Closed,4
447,104,2096,3,3,Incident,"2025-05-10 10:00:00",,Medium,Pending,
448,105,2116,4,4,Incident,"2025-05-10 09:00:00","2025-05-10 13:00:00",Low,Closed,5
449,106,2146,5,2,Service Request,"2025-05-11 09:45:00","2025-05-12 11:30:00",Low,Closed,5
450,107,2176,6,1,Incident,"2025-05-11 11:00:00","2025-05-11 11:20:00",High,Closed,5
451,101,2004,7,3,Incident,"2025-05-12 13:00:00","2025-05-13 10:00:00",Medium,Resolved,
452,102,2034,8,5,Service Request,"2025-05-12 15:00:00",,Low,Open,
453,103,2069,1,4,Incident,"2025-05-13 09:00:00",,High,In Progress,
454,104,2092,2,2,Service Request,"2025-05-13 10:30:00","2025-05-14 16:00:00",Medium,Closed,3
455,105,2112,3,1,Incident,"2025-05-14 12:00:00","2025-05-14 12:10:00",High,Closed,5
456,106,2132,4,5,Service Request,"2025-05-14 14:00:00","2025-05-15 11:00:00",Medium,Closed,4
457,107,2162,5,3,Incident,"2025-05-15 16:00:00",,Medium,Pending,
458,101,2011,6,4,Incident,"2025-05-15 09:00:00","2025-05-15 17:00:00",Low,Closed,5
459,102,2041,7,2,Service Request,"2025-05-16 09:15:00","2025-05-17 14:00:00",Medium,Closed,4
460,103,2081,8,1,Incident,"2025-05-16 11:30:00","2025-05-16 11:45:00",High,Closed,5
461,104,2094,1,3,Incident,"2025-05-17 14:00:00",,Medium,In Progress,
462,105,2114,2,5,Service Request,"2025-05-17 16:30:00","2025-05-18 12:00:00",Low,Closed,5
463,106,2134,3,4,Incident,"2025-05-18 09:00:00","2025-05-18 18:00:00",Medium,Resolved,
464,107,2161,4,2,Service Request,"2025-05-18 10:45:00","2025-05-19 15:00:00",Low,Closed,3
465,101,2021,5,1,Incident,"2025-05-19 13:00:00",,High,Open,
466,102,2043,6,3,Incident,"2025-05-19 15:00:00","2025-05-21 10:00:00",Medium,Closed,4
467,103,2068,7,5,Service Request,"2025-05-20 11:30:00",,Low,Pending,
468,104,2088,8,4,Incident,"2025-05-20 09:00:00","2025-05-20 13:30:00",Medium,Closed,5
469,105,2108,1,2,Service Request,"2025-05-21 12:30:00","2025-05-22 16:00:00",Low,Closed,2
470,106,2128,2,1,Incident,"2025-05-21 10:00:00","2025-05-21 10:20:00",High,Closed,5
471,107,2158,3,3,Incident,"2025-05-22 14:00:00",,Medium,In Progress,
472,101,2009,4,5,Service Request,"2025-05-22 16:00:00","2025-05-23 11:00:00",Low,Closed,5
473,102,2039,5,4,Incident,"2025-05-23 09:30:00","2025-05-23 17:00:00",Medium,Closed,4
474,103,2071,6,2,Service Request,"2025-05-23 11:00:00","2025-05-24 10:00:00",Low,Closed,5
475,104,2095,7,1,Incident,"2025-05-24 13:30:00",,High,Open,
476,105,2118,8,3,Incident,"2025-05-24 15:00:00","2025-05-26 14:00:00",Medium,Closed,3
477,106,2138,1,5,Service Request,"2025-05-25 10:00:00",,Low,Pending,
478,107,2168,2,4,Incident,"2025-05-25 09:00:00","2025-05-25 11:00:00",Medium,Closed,5
479,101,2019,3,1,Incident,"2025-06-01 08:45:00","2025-06-01 09:10:00",High,Closed,5
480,102,2049,4,2,Service Request,"2025-06-01 09:30:00","2025-06-02 15:00:00",Medium,Closed,4
481,103,2059,5,3,Incident,"2025-06-02 10:15:00",,Low,Open,
482,104,2097,6,4,Incident,"2025-06-02 11:00:00","2025-06-02 19:00:00",High,Closed,5
483,105,2113,7,5,Service Request,"2025-06-03 14:30:00",,Medium,In Progress,
484,106,2133,8,2,Service Request,"2025-06-03 10:00:00","2025-06-04 11:00:00",Medium,Closed,3
485,107,2166,1,5,Service Request,"2025-06-04 15:45:00",,High,Open,
486,101,2006,2,1,Incident,"2025-06-04 09:00:00","2025-06-04 16:30:00",Low,Closed,5
487,102,2036,3,3,Incident,"2025-06-05 11:30:00",,Medium,In Progress,
488,103,2074,4,2,Service Request,"2025-06-05 16:00:00","2025-06-07 10:00:00",High,Closed,2
489,104,2084,5,5,Service Request,"2025-06-06 09:00:00","2025-06-06 15:30:00",Medium,Closed,5
490,105,2105,6,1,Incident,"2025-06-06 11:00:00","2025-06-06 11:40:00",High,Closed,5
491,106,2125,7,3,Incident,"2025-06-07 14:00:00","2025-06-09 10:00:00",Medium,Resolved,
492,107,2155,8,4,Incident,"2025-06-07 16:00:00",,Low,Pending,
493,101,2014,1,2,Service Request,"2025-06-08 09:45:00","2025-06-09 17:00:00",Medium,Closed,4
494,102,2045,2,5,Service Request,"2025-06-08 10:00:00","2025-06-08 11:30:00",Low,Closed,5
495,103,2065,3,1,Incident,"2025-06-09 13:15:00",,High,In Progress,
496,104,2090,4,2,Service Request,"2025-06-09 15:00:00","2025-06-11 12:00:00",Medium,Closed,3
497,105,2110,5,3,Incident,"2025-06-10 11:30:00",,Medium,Open,
498,106,2131,6,4,Incident,"2025-06-10 09:00:00","2025-06-10 18:30:00",Low,Closed,5
499,107,2161,7,1,Incident,"2025-06-11 10:20:00","2025-06-11 11:00:00",High,Closed,5
500,101,2028,8,3,Incident,"2025-06-11 11:00:00","2025-06-12 14:00:00",Medium,Resolved,
501,102,2056,1,5,Service Request,"2025-06-12 13:00:00",,Low,Pending,
502,103,2070,2,2,Service Request,"2025-06-12 15:00:00","2025-06-13 16:00:00",Medium,Closed,4
503,104,2101,3,4,Incident,"2025-06-13 09:30:00","2025-06-13 17:00:00",Medium,Closed,5
504,105,2121,4,1,Incident,"2025-06-13 10:00:00",,High,Open,
505,106,2141,5,3,Incident,"2025-06-14 11:00:00","2025-06-16 12:00:00",Medium,Closed,3
506,107,2171,6,5,Service Request,"2025-06-14 14:00:00","2025-06-14 15:30:00",Low,Closed,5
507,101,2001,7,2,Service Request,"2025-06-15 16:00:00",,Medium,In Progress,
508,102,2031,8,4,Incident,"2025-06-15 09:00:00","2025-06-15 10:30:00",Low,Closed,4
509,103,2061,1,1,Incident,"2025-06-16 11:30:00","2025-06-16 11:45:00",High,Closed,5
510,104,2091,2,3,Incident,"2025-06-16 14:00:00","2025-06-18 11:00:00",Medium,Resolved,
511,105,2111,3,5,Service Request,"2025-06-17 16:30:00",,Low,Open,
512,106,2136,4,2,Service Request,"2025-06-17 09:00:00","2025-06-18 17:00:00",Medium,Closed,3
513,107,2165,5,4,Incident,"2025-06-18 10:00:00",,High,In Progress,
514,101,2016,6,1,Incident,"2025-06-18 12:00:00","2025-06-18 12:20:00",High,Closed,5
515,102,2046,7,3,Incident,"2025-06-19 15:00:00",,Medium,Pending,
516,103,2075,8,5,Service Request,"2025-06-19 10:00:00","2025-06-20 14:00:00",Low,Closed,4
517,104,2085,1,1,Incident,"2025-06-20 09:00:00","2025-06-20 09:15:00",High,Closed,5
518,105,2105,2,2,Service Request,"2025-06-21 11:00:00","2025-06-22 16:00:00",Medium,Closed,4
519,106,2125,3,3,Incident,"2025-06-22 10:00:00",,Low,Open,
520,107,2155,4,4,Incident,"2025-06-23 14:00:00","2025-06-23 18:00:00",Medium,Closed,5
521,101,2024,5,5,Service Request,"2025-06-24 09:00:00",,Medium,In Progress,
522,102,2055,6,1,Incident,"2025-06-25 10:30:00","2025-06-25 11:00:00",High,Closed,5
523,103,2065,7,2,Service Request,"2025-06-26 11:00:00",,Low,In Progress,
524,104,2093,8,3,Incident,"2025-06-27 13:00:00","2025-06-29 10:00:00",Medium,Closed,3
525,105,2111,1,4,Incident,"2025-06-28 15:00:00",,High,Open,
526,106,2144,2,5,Service Request,"2025-06-29 09:00:00","2025-06-30 14:00:00",Medium,Closed,4
527,107,2174,3,1,Incident,"2025-06-30 10:00:00","2025-06-30 10:30:00",High,Closed,5
528,101,2012,4,2,Service Request,"2025-07-01 11:30:00",,Low,In Progress,
529,102,2039,5,3,Incident,"2025-07-01 14:00:00",,Medium,Pending,
530,103,2070,6,4,Incident,"2025-07-01 15:00:00","2025-07-02 11:00:00",Low,Closed,5
531,104,2084,7,5,Service Request,"2025-07-02 09:00:00","2025-07-03 10:00:00",Medium,Closed,4
532,105,2104,8,1,Incident,"2025-07-02 10:00:00","2025-07-02 10:15:00",High,Closed,5
533,106,2124,1,2,Service Request,"2025-07-03 11:00:00","2025-07-04 12:00:00",Low,Resolved,
534,107,2154,2,3,Incident,"2025-07-03 14:00:00",,Medium,In Progress,
535,101,2020,3,4,Incident,"2025-07-04 09:00:00","2025-07-04 17:00:00",Medium,Closed,2
536,102,2050,4,5,Service Request,"2025-07-05 10:00:00","2025-07-06 11:00:00",Low,Closed,5
537,103,2061,5,1,Incident,"2025-07-05 12:00:00",,High,Open,
538,104,2090,6,2,Service Request,"2025-07-06 14:00:00","2025-07-08 10:00:00",Medium,Closed,4
539,105,2122,7,3,Incident,"2025-07-07 09:00:00",,Medium,Pending,
540,106,2151,8,4,Incident,"2025-07-07 10:00:00","2025-07-07 14:00:00",Low,Closed,5
541,107,2181,1,5,Service Request,"2025-07-08 11:00:00",,Low,Open,
542,101,2003,2,1,Incident,"2025-07-08 13:00:00",,High,In Progress,
543,102,2032,3,3,Incident,"2025-07-09 09:00:00",,Medium,In Progress,
544,103,2079,4,5,Service Request,"2025-07-09 10:00:00",,Low,Open,
545,104,2087,5,2,Service Request,"2025-07-09 11:00:00",,Medium,In Progress,
546,105,2107,6,4,Incident,"2025-07-10 09:00:00",,High,In Progress,
547,106,2127,7,1,Incident,"2025-07-10 10:00:00",,High,Open,
548,107,2157,8,3,Incident,"2025-07-10 11:00:00",,Medium,Open,
549,101,2015,1,2,Service Request,"2025-07-10 12:00:00",,Medium,In Progress,
550,102,2040,5,5,Service Request,"2025-07-10 13:00:00",,Low,Open,
551,103,2060,8,1,Incident,"2025-07-10 14:00:00",,High,Open,
552,104,2099,5,4,Incident,"2025-07-10 15:00:00",,Medium,In Progress,